userId,movieId,rating,timestamp
1,2,3.5,1112486027
2,3,4,974820889
5,2,3,851527569
6,3,3,858275558
7,3,3,1011208463
8,3,5,833981733
12,3,3,859063774
13,2,3,849082742
19,3,4,855176684
29,2,3,835562174
34,2,3,846509384
38,3,3,835718215
41,4,2,951694198
54,2,3,974918176
61,4,3,1197068409
75,3,3,836314332
80,3,3,858458563
88,2,1,1098277938
91,2,3.5,1112061358
91,3,3,1111531392
96,3,4,1371089927
112,3,2.5,1111066993
114,3,3,852228063
116,2,2,1132728068
116,3,2,1132728058
117,3,5,861553146
119,2,4,845110667
120,2,1,838153425
124,2,2,1134476330
126,3,4,856218064
127,2,3,847127455
128,2,3,900720958
129,2,3,1283448701
131,2,1,1238326861
132,2,3,1114172997
137,2,3,992797771
142,2,4,833458658
143,3,3,862086837
152,2,3,1161215251
156,2,5,1040937649
156,3,2,1038801225
156,4,3,1038801803
158,2,3,842734429
158,3,2,842735262
158,4,3,842735262
164,2,3,845248397
165,2,3,835483502
170,2,3,940253294
184,2,3,840016743
184,3,4,840018777
188,3,1,847308117
220,2,3,1056172947
232,2,3.5,1162148886
235,2,3,939225131
238,2,3,1111509612
249,2,5,836640126
251,2,4,965278724
251,3,5,965281199
255,2,5,951298595
259,2,5,847280909
271,2,2.5,1225234160
271,3,3.5,1225236366
278,2,3.5,1083178789
293,3,3,844857246
294,2,4.5,1288479852
295,2,3,863970821
295,4,3,863971097
296,2,5,833870907
298,2,3,992463326
298,3,3,992455452
303,3,3,863676717
309,2,4,1082916202
309,3,3,1121374583
309,4,3,1082918340
315,2,4,974695478
326,2,3,850438703
330,2,3,832526871
330,4,3,832528667
331,4,3,833088645
332,2,2,901762143
343,2,3,1088352634
347,2,2,938709446
367,2,2,1117063594
367,3,3,1147096682
369,2,4,1130282927
370,2,4,1228059945
374,3,3,847961359
377,2,5,864510279
377,3,4,864509157
388,2,1.5,1174592510
389,2,3,886121035
395,2,4,1339723807
396,3,1,1153162219
397,3,4,839185612
401,2,4,847049660
401,3,3,847050170
409,2,4,1336405808
409,3,2.5,1336363606
417,4,4,945303743
421,2,2.5,1192345967
424,3,2.5,1100059295
425,2,3,1417925773
427,2,0.5,1233531895
427,3,3.5,1233532330
435,2,3,845455880
435,3,3,845456703
439,3,4,1077468810
440,2,3.5,1275577474
444,2,3,848457840
452,2,4,830833518
453,2,5,844334801
457,2,3,1286464278
461,2,3,909004393
462,2,3.5,1140175071
463,2,3,833466478
465,2,5,845587450
465,3,5,845587969
465,4,3,845588003
466,2,4,1379852440
467,3,3,1156894100
469,2,3.5,1105656188
471,3,4,1023667611
473,2,3,966096728
479,2,3,947788221
482,2,3.5,1375893470
483,3,4,859488452
485,2,2.5,1312738864
486,3,4,1245705585
487,3,3,1099776208
489,2,3,1026144838
492,2,3,1191933175
492,3,4,1192023949
493,2,3,844801507
501,3,3,865588969
509,2,5,837248728
509,3,3,837249563
511,3,1.5,1128199376
516,3,4,901744077
518,2,4,839946849
518,4,5,839943473
520,2,4,1265523629
536,2,3,944942962
546,2,3,1124362166
548,2,3,1169793837
554,2,3,965285649
572,2,3.5,1324694302
572,3,3.5,1324275719
574,2,4,974702563
578,2,1.5,1210655869
579,2,4,846840296
579,3,3,846840673
586,2,3,1112701356
586,3,2,1111472461
587,2,2,1086051352
588,2,3.5,1143654561
593,2,5,862656082
593,3,5,861600366
601,3,5,848681034
601,4,5,848681183
604,2,4,1179199137
610,2,2,913718739
611,2,5,829414367
611,4,4,829414367
614,3,3,1033693160
627,3,3,860860216
630,2,4.5,1089802655
632,3,2,945214613
635,2,4,1035062043
637,2,3.5,1356091699
640,3,5,857046017
642,2,3,850213077
648,2,2,974701838
648,3,3,974723369
649,2,1.5,1270074943
670,2,2,1006472751
673,2,4,945015020
673,3,1,945015434
675,3,3,866213834
678,3,3,945325152
679,2,4,844959073
683,2,4,832087680
684,2,4,850471474
686,2,2,847364577
688,2,3,856636425
688,3,3,856636617
689,2,2.5,1141816168
694,2,1.5,1152658898
698,2,5,840376598
703,2,2,952530069
706,2,5,945898354
721,2,3,834359305
722,2,4,832827602
724,2,3.5,1337322302
725,2,5,834307521
729,2,1.5,1252600996
733,2,5,866082765
737,2,3,1113083519
738,2,4,1204190637
739,2,2.5,1214672577
741,2,3,1192574094
741,3,3,1194720560
743,2,3,844816545
744,3,2.5,1131557550
749,2,3,834790029
750,2,3,838834588
750,3,3,838835300
760,2,3,831556080
760,3,3,834066351
761,3,2,903144338
766,2,4,848563304
768,2,3,1046374845
772,3,0.5,1111548101
775,2,2,1113802230
775,3,3.5,1113804087
777,2,2.5,1167883668
777,3,3.5,1168059493
781,3,3,851887093
782,2,4,838652720
786,2,2.5,1426201421
789,2,3.5,1380829794
791,2,4,966396202
809,2,0.5,1116425348
812,2,1,967958644
812,3,4,974410063
812,4,3,976672842
814,3,5,855747223
817,3,3,852378581
818,3,3,849815652
827,2,4,1240559520
829,2,3.5,1329874840
831,2,3,836393538
839,3,3,863795472
840,2,3,845220129
840,3,3,845220463
840,4,2,845220818
847,2,3,1116149336
847,3,3,1116288562
849,3,3,851823562
850,3,2,849549558
860,3,4,979800115
869,2,3.5,1111475030
869,3,3.5,1111471730
872,2,4,1290887438
872,3,3.5,1290888048
886,3,4,856064776
890,2,5,1169362252
893,2,3,1287742183
903,2,4,902108514
903,3,2,903874939
903,4,2,903702919
910,2,4,1117760862
910,3,3.5,1117760954
916,2,3.5,1319620527
925,2,3,840762490
925,3,3,840763259
930,4,2,1044490734
932,2,4,1173142496
939,2,4,852904731
939,3,3,852904572
952,3,4,945233907
955,2,3,953677439
956,2,3,832930371
960,2,3,837155475
961,3,3,859466898
964,2,3.5,1271908584
965,3,1,1111530866
970,2,2,943726365
972,3,2,855604665
980,2,4,836398509
982,2,2,1141510578
982,3,2,1141502679
982,4,2,1141653522
983,3,3,864058902
984,2,3,1150638991
984,3,4,1150639262
986,2,4,835125140
986,3,3,835228077
987,2,4,943908170
989,2,3.5,1094709501
995,2,0.5,1168174055
999,3,3,858534958
1001,2,2.5,1114527383
1007,2,3,899076687
1011,3,3,978399390
1015,2,3,1101033291
1019,3,5,833455908
1043,3,3,860766785
1045,4,3,848677949
1049,2,3,1030855196
1057,2,3,1005848281
1058,2,3,849003282
1064,3,3,859112905
1068,2,4,1136402820
1068,3,4,1137781994
1073,2,1.5,1318167621
1085,2,4,975388896
1093,2,4,1011426577
1095,3,4,940423422
1095,4,3,940413675
1098,2,5,844799017
1098,3,5,844799091
1099,3,3,863365125
1112,2,3,832162724
1114,2,4,842384264
1115,3,1,863351469
1116,2,4,848974274
1122,3,2.5,1105032026
1131,3,4,862594808
1135,2,3,954184634
1136,2,5,829322340
1155,2,4,1112376056
1159,2,4,1018348183
1160,3,4,852486911
1165,2,2.5,1144777605
1170,3,3,854299045
1175,2,1.5,1180227449
1178,4,2,830633192
1180,3,3,850928225
1181,2,4,833981972
1185,2,3.5,1100750189
1185,3,3.5,1100666034
1200,2,3,1114725958
1200,3,2,1116880229
1207,2,3,1000225642
1209,2,3.5,1101590190
1212,2,3,835615796
1222,2,4,1294190737
1227,3,3,1147962254
1230,3,3,833537338
1241,2,4,898868787
1244,2,3.5,1293586318
1247,3,5,866040559
1250,2,4,943284722
1252,2,4,1258154760
1254,2,2,1132516795
1255,2,2.5,1076953482
1260,3,4,846590398
1265,2,5,1277068092
1267,4,4,982049163
1270,2,5,944962019
1280,2,3,835557374
1281,3,3,864907857
1283,3,3,858961164
1284,2,4,1093967096
1284,3,3.5,1093967091
1288,2,3.5,1192604818
1290,2,3,999577652
1294,2,4,843821494
1298,2,4,948478474
1301,4,3,856972783
1302,2,3,833707841
1310,2,3.5,1056817714
1311,2,4,1275864744
1313,2,4,843492372
1317,2,4,1287071463
1322,2,2.5,1260790185
1323,3,4,1070593646
1326,2,4,896262491
1329,3,3,856088209
1338,2,3,945037274
1339,2,3,1419854001
1341,2,3.5,1208856966
1348,3,5,848398029
1350,2,2,992234893
1350,4,3,992403830
1359,2,3,832333793
1365,3,3,852501507
1367,2,3,839010627
1372,2,3,958145140
1374,2,0.5,1144109303
1376,2,5,1174992579
1376,3,4,1175009744
1378,3,2,944005604
1387,2,3,991230656
1407,2,3,832774729
1411,2,3.5,1094267455
1411,3,2.5,1094279557
1415,3,3,1023755694
1417,2,4,837006979
1418,3,3,1092487415
1423,2,3,848857995
1426,2,3.5,1303516683
1429,3,3,865494711
1438,3,3,858099700
1440,4,3,834386111
1441,2,3,1033267547
1444,3,5,855080428
1450,2,4,833108730
1453,2,3,1231176344
1455,2,3.5,1187863578
1458,2,3,1121892444
1464,3,4,856728309
1466,4,3,945062637
1474,3,4,836305425
1494,2,3,1118999751
1494,3,3,1118999770
1505,3,5,860147572
1507,2,3,1139723144
1507,3,2.5,1146726160
1509,3,3,859025495
1512,2,4,838990481
1512,3,3,838990948
1514,2,3,830627818
1515,2,3,1139870993
1516,2,2,1191270458
1516,3,1,1191270772
1518,2,4,1399577845
1523,3,2,1112329717
1525,2,2.5,1283744881
1537,2,5,999212966
1541,3,3.5,1077493166
1544,2,3,900735779
1546,2,4,841177847
1547,2,3,849894268
1548,2,4,999964344
1548,3,3,1000472634
1552,3,3,1111477979
1555,2,3,851015668
1560,2,3,1017013174
1568,2,3,1111788945
1579,2,4,848776747
1600,2,2,942743528
1602,2,4,1308462573
1603,3,3,868254301
1607,3,3,866089425
1608,2,5,957328816
1615,3,3,1155562952
1616,2,0.5,1231333445
1619,2,1,1246410666
1620,2,3,1262866107
1625,3,2,850499475
1629,2,3.5,1204268611
1632,3,3,860421226
1635,2,3,846332924
1638,2,3,836265879
1638,3,3,836265921
1638,4,5,836265704
1643,2,1,985222822
1644,2,4,1421698642
1644,3,2.5,1421135488
1645,2,4,835808709
1649,2,3,844698337
1652,2,4,1009000602
1653,2,3,945103411
1653,3,3,945104404
1662,2,2,1225928551
1670,3,4,852901559
1672,2,2,1285131640
1672,3,3.5,1285132167
1678,3,2,1412107475
1685,2,4,833205276
1685,3,3,834970803
1686,3,3.5,1225753388
1689,2,3,957495380
1698,4,1,832243998
1707,2,3,1130639651
1715,2,1,974871808
1718,3,4,833466954
1726,2,3,1089831636
1728,2,4,1273885729
1729,3,2,939983930
1741,2,4,1038418385
1743,2,3,1005083035
1748,2,3,1094065269
1748,3,3,1094065955
1751,2,2.5,1180908025
1758,2,3.5,1235753098
1759,3,3,866645043
1763,2,4,1113440296
1764,2,4,830736460
1769,3,0.5,1144217670
1775,2,3.5,1222547042
1777,2,5,836046359
1779,3,2,918648343
1780,2,3,1155028193
1789,2,3,1201871497
1793,3,3,844872716
1800,3,4,869571457
1806,2,4.5,1182998739
1807,3,4,839981540
1808,2,3,846425910
1810,2,3,1198389453
1812,3,3,859228772
1813,2,1.5,1119985956
1825,2,3,1199594420
1831,2,5,846420870
1831,3,3,850065757
1835,2,4,891835167
1844,2,4,1200906199
1844,3,2,1200962013
1845,2,3,841105712
1847,2,3,954296669
1849,2,3,1138722765
1849,3,2.5,1167339173
1854,2,4,1149287230
1854,3,3.5,1168838922
1855,2,3,957988727
1864,2,3,952814935
1864,4,3,952813020
1868,4,3,903297542
1869,2,4,835527703
1876,2,2.5,1133660959
1876,3,2,1133659995
1880,3,4,855403933
1887,2,2.5,1225711636
1889,3,3,834266680
1891,3,5,868372326
1892,2,2.5,1157822497
1904,2,3,847714989
1905,3,2,846150190
1906,2,3,1345539362
1912,2,2,840539986
1918,2,3,994381675
1927,2,3,1302046842
1930,2,4.5,1225268045
1931,2,4,848774900
1931,3,4,848772562
1931,4,5,848772700
1939,3,4,974776528
1942,2,2,901160969
1942,4,2,901163998
1955,3,4,856127080
1959,2,2,1079473681
1967,2,1,951091119
1969,2,3,1237596099
1984,2,3.5,1280880345
1984,3,4,1280880684
1988,3,2.5,1078594560
1993,3,3,869092819
2001,2,3.5,1076528803
2002,3,4,976241134
2003,3,3,839022681
2003,4,3,839022020
2004,2,3.5,1232934367
2006,3,3,848454151
2010,2,4,1265471313
2013,2,2.5,1150712943
2019,2,2.5,1115847972
2024,2,3.5,1115748412
2034,2,1,1278619600
2038,2,3.5,1120065643
2038,3,3.5,1095530314
2047,2,1.5,1073460756
2051,2,3,1147206813
2064,3,3,1005235062
2076,2,4,850394156
2080,2,3,975143950
2081,2,0.5,1081100264
2084,2,0.5,1246697589
2089,2,4,1342656724
2090,3,3,859417579
2098,2,3,848955322
2098,3,4,848956034
2099,2,4,1089310253
2099,3,4.5,1081024191
2107,2,3.5,1202872278
2115,3,3,858424858
2117,2,2,1116087623
2117,3,1,1116087692
2118,3,4,864023401
2119,3,4,868240560
2136,2,4,1073614489
2136,3,4,1073613664
2138,2,3.5,1178622974
2140,3,4,887916849
2145,2,4,842281307
2147,2,3.5,1113198781
2150,2,3,1122085912
2152,3,4,867071129
2153,2,4,1011221664
2155,2,5,845245324
2155,3,3,845246025
2158,2,3.5,1171579358
2161,2,4,1109851319
2161,3,4,1109850615
2162,3,5,836419031
2164,2,4,913302071
2164,4,2,913302165
2171,2,3,938762063
2174,3,4,851331095
2174,4,5,851331452
2184,2,2,1090774651
2188,2,4,1216689383
2191,2,4,835009496
2191,3,4,835011197
2191,4,3,835010378
2193,2,2,1293373245
2200,2,4,831748221
2200,4,3,831748436
2204,4,3,992730827
2212,2,4,841268419
2217,2,3.5,1178713528
2222,2,3,1145479103
2226,3,3,883675744
2229,2,3,832536678
2232,2,3,1122299045
2233,2,3,839097871
2242,4,3.5,1136515200
2246,2,3.5,1234220681
2256,2,3,852419705
2257,2,2,849116467
2258,3,2,854466948
2259,2,4,953783368
2261,2,3.5,1065473625
2261,3,2.5,1067804834
2267,3,4.5,1111581018
2272,2,4,943041019
2272,3,4,943040366
2274,3,4,1208585728
2281,2,1,953916326
2281,3,1,953912866
2285,2,1,839894402
2286,3,4,853249903
2288,3,2,859515600
2296,2,4,841896298
2302,3,4,1145594415
2304,3,3,862754175
2306,2,4,833040045
2316,3,3,1158180453
2320,2,3,1119065057
2322,3,2.5,1094054021
2323,2,3,834671764
2324,4,2,946316034
2331,3,3,858178537
2332,2,4,832576888
2333,2,4,1384147994
2343,2,4,1141768884
2344,2,3.5,1116079974
2349,2,3,1182225294
2349,3,4,1201298440
2350,3,3,845025990
2360,2,3,961541083
2361,2,2.5,1185019025
2361,3,3.5,1185019221
2367,2,2.5,1204841860
2368,2,2,1266713486
2371,2,3,861804125
2374,3,3,994185583
2378,2,2,937885020
2378,3,5,939691182
2380,4,3,958869106
2386,2,4,861505647
2387,2,3,1196374304
2392,2,3.5,1227698764
2394,2,2,1162938839
2396,2,4,901206620
2397,2,4,1216525391
2397,3,4,1218780025
2399,2,3,863131999
2402,2,4,1124620104
2410,2,3.5,1224952057
2413,2,4,1035484408
2419,2,5,834772190
2422,3,3,849772187
2424,2,5,839364297
2424,4,5,839364771
2428,2,5,1211175888
2429,4,4,831027218
2433,3,2,999052663
2443,3,5,842823881
2444,2,2.5,1093552522
2444,3,2.5,1093552636
2467,2,3.5,1161188197
2477,2,4,845739563
2484,2,3,1207356604
2484,3,3.5,1207364510
2486,3,2,857485304
2487,2,2,1302899635
2502,2,2.5,1091309888
2512,2,4,833814315
2515,2,2,1229950010
2516,2,5,845385975
2523,2,3.5,1111478383
2529,2,3.5,1182341806
2532,3,2,851797804
2539,3,3,1150139988
2544,2,3.5,1392290887
2549,2,3,948001528
2558,2,3,1263842474
2558,3,3,1263842062
2565,2,4,1263046811
2568,2,3.5,1295841282
2568,3,3,1321245458
2570,2,4,957583344
2575,2,4,831683585
2576,2,3,839924499
2580,2,4,840219854
2582,3,5,1057803085
2583,2,5,900677220
2585,2,3,830092904
2598,2,3,847831050
2599,2,5,849010278
2611,2,2,1146044184
2614,2,4,838564872
2616,2,5,835608451
2627,3,2,853252936
2633,3,3,857504597
2638,2,3,834186334
2641,3,5,893620119
2643,2,3,849007234
2643,4,2,849008974
2646,2,3,837708234
2646,3,3,837708567
2650,2,3.5,1294608997
2653,2,3,835303816
2656,3,2,838147883
2657,2,4,944927662
2661,2,4,1225608547
2663,2,3,1310324833
2669,2,3.5,1124095117
2669,3,3,1124095044
2671,2,3,837361965
2672,2,4,844902361
2672,4,2,844902477
2675,2,4,833103683
2676,2,2,1136903129
2677,3,2.5,1217274206
2678,2,3,829327305
2682,2,5,858516991
2686,3,5,851032885
2690,3,3,862828606
2692,2,4,982625055
2694,2,5,839915274
2701,3,3,860191936
2705,2,3,832489664
2706,2,4,841638183
2709,4,4,1192581170
2711,2,2,976302794
2712,2,4.5,1092884488
2712,3,3.5,1092885614
2713,2,5,1385332666
2717,3,2,866768175
2718,2,4.5,1082689484
2718,3,3,1082692952
2732,3,2,1040409469
2735,2,3,840734230
2740,2,4,836471342
2740,3,3,836475784
2753,2,3,834740218
2755,2,3,840128409
2757,2,4,955636831
2758,2,4,833216769
2762,3,1,969232946
2770,3,3,1049564190
2772,2,3.5,1130202154
2773,3,3,850916015
2776,3,5,835808590
2779,2,3,831641476
2779,4,4,831641710
2780,2,2.5,1217801803
2787,2,5,837425893
2796,3,3.5,1334425888
2807,2,4,832775669
2810,2,3.5,1320032705
2811,2,3,849224778
2811,3,3,849370396
2812,2,5,1050192313
2816,2,4,1145236924
2826,2,3.5,1227819229
2837,2,2.5,1247707335
2839,2,5,866070850
2839,3,3,866069594
2841,2,3,847772650
2842,2,3,844091337
2851,2,3,1085463322
2861,3,3,862303022
2862,3,4,841734834
2862,4,3,841734752
2864,4,3,1015960192
2866,4,3,974728067
2868,2,3,1190357622
2869,3,4,868003719
2875,2,5,842742778
2875,3,4,842743203
2886,3,4,856290816
2892,2,5,828117924
2894,2,3,1203805927
2897,2,4,848673821
2901,3,4,862919180
2902,2,3,1107142590
2902,3,3.5,1107142649
2903,2,3.5,1186599984
2903,3,4,1122496092
2912,3,3,851426255
2914,2,0.5,1055152980
2915,3,2,1158063733
2925,2,3,1152726953
2925,3,2.5,1152645874
2930,2,4,1099956478
2936,2,4,842256971
2939,3,3,854203124
2940,3,4,862760500
2942,2,4,974923336
2943,2,5,963417485
2948,2,1,1118184779
2959,2,4,1254060491
2967,3,3,857812260
2970,2,2,1217769772
2972,2,4,829891109
2979,2,4,852284530
2985,2,5,1003331985
2988,2,2.5,1373996880
2992,2,2,1011331951
2995,3,2,991841645
2999,2,3,845475501
3020,2,4,1140540066
3024,2,3,1322496982
3024,3,3.5,1322533657
3025,3,2,952866126
3033,2,2.5,1176225565
3042,3,3,857836632
3043,3,4,859143992
3045,3,3,861130161
3047,2,5,976240071
3047,4,1,976240836
3052,3,1,868992579
3053,2,4,863354892
3054,2,3,1227601030
3056,2,2,965184604
3057,2,3,1250853306
3057,3,3,1250902992
3058,2,5,831668131
3065,2,5,832533466
3069,2,3,1090890546
3072,2,2,837768792
3073,2,3,1005326167
3086,2,5,1114741024
3086,3,1,1114741144
3094,2,3.5,1127193286
3097,3,2.5,1076849699
3098,3,3,861344731
3101,2,3,940155680
3105,3,3,857072794
3106,2,3.5,1275983188
3109,2,3,862511452
3109,3,3,862510484
3111,2,3,842442134
3115,4,5,838279175
3118,3,2.5,1158204182
3125,4,4,841165270
3134,3,4,855030311
3135,3,3,858105228
3165,2,2,951761260
3166,2,3.5,1272090660
3169,2,3,827911393
3170,2,3.5,1070255973
3171,2,3.5,1106335312
3172,3,3,859811491
3178,2,3,1277575210
3179,2,3,1076897171
3179,3,3,1076913843
3184,2,2.5,1097721232
3186,2,4.5,1152096106
3192,2,5,846159206
3192,3,5,846159798
3194,3,4,860320204
3195,2,3,939882527
3196,2,2.5,1086011925
3197,2,3,998231547
3197,4,3,998232470
3199,2,3,836681958
3199,3,3,836683652
3202,2,5,839241173
3202,3,3,839242088
3207,4,4,994011181
3208,2,3.5,1164046253
3213,3,3,864718036
3218,2,2,1172637609
3218,3,3,1172531142
3227,2,4,837186801
3231,3,4,863203634
3234,2,4,843712105
3236,2,4,968522205
3236,3,1,968525355
3251,2,2.5,1285190492
3259,2,2,850439167
3259,3,4,850434861
3260,2,4.5,1230932741
3260,3,4,1230932736
3262,2,5,843690852
3263,2,4,1222123486
3264,2,3,837408095
3264,3,4,841573526
3268,2,3.5,1189532515
3269,2,2,992376206
3272,2,3,1011920387
3273,3,3,867129220
3274,2,5,836360956
3275,2,2,1076947192
3277,2,3,1187205369
3284,2,3,1337618269
3284,3,3,1337618139
3289,3,3,941782255
3291,2,3,837815939
3291,3,4,837816595
3293,2,2.5,1202024249
3293,3,2.5,1202055809
3295,2,2.5,1091620620
3296,2,3.5,1248631214
3309,2,5,842393808
3311,2,2,830190315
3315,3,4,879622536
3316,2,3,906754946
3318,2,3,975376304
3318,3,3,974659280
3323,3,5,863337157
3325,3,4,852812553
3329,2,3,1164854762
3338,2,3,826962493
3338,3,3,834331906
3338,4,3,834332827
3348,2,1.5,1068772651
3352,2,3,850732427
3353,2,3,947801634
3354,3,5,1320127911
3356,2,3,1111723668
3356,3,3,1118481343
3360,2,3,834145601
3360,4,2,834580727
3364,2,3.5,1387927630
3371,2,3,832516663
3376,3,3,974778930
3384,2,3.5,1264355918
3389,2,5,1335330273
3391,3,2,1104972129
3397,2,2,1329618180
3405,2,4,913066517
3408,2,4,833390284
3414,4,3,1033405357
3424,2,2.5,1158078452
3428,4,3,1043021996
3430,3,4,851559760
3443,2,3,1232551848
3445,3,4,864583371
3450,2,2.5,1070191246
3450,3,2.5,1084633512
3457,2,4,1173073330
3459,3,2,866831770
3460,3,3,869001564
3461,2,3,1090637073
3462,3,3,859993917
3466,3,2,1099265491
3469,3,1,1121903590
3471,3,2,858715237
3483,2,3,1331562145
3487,2,3,1213049472
3487,3,3,1202136312
3490,2,2,1388141400
3490,3,3.5,1269641048
3491,2,4,1238877023
3497,2,3,1209140470
3499,2,2,848943058
3504,2,3,844442102
3505,2,4,831840598
3510,3,3,974620869
3513,2,3,1049516153
3513,3,4,1048343959
3513,4,3,1048343959
3514,2,2.5,1291551673
3516,2,2.5,1111562582
3516,3,0.5,1111562702
3517,2,3,851965036
3528,4,3,988814048
3530,2,3,1077410646
3530,3,3.5,1088124131
3533,3,2.5,1337172652
3534,2,4,901223872
3538,3,2,986260728
3539,3,3,849712092
3540,2,3,996336810
3540,3,3,996269542
3544,2,3,844979030
3544,3,4,844979221
3547,3,3,945982027
3550,2,4,948403849
3551,2,4,840556734
3552,2,4,841489752
3553,3,0.5,1107218236
3554,3,2,956601256
3558,3,5,859888985
3565,2,3,847750961
3569,3,2,1137802208
3572,2,3.5,1201120480
3576,2,2.5,1061238278
3576,3,1.5,1061232972
3585,2,3,835185739
3586,2,5,916455803
3589,2,3,1160895507
3592,2,2,1065580616
3593,3,3,857681209
3596,2,3,1290364218
3600,2,3,863270835
3600,3,4,863268738
3604,2,5,845411884
3607,3,3,853850994
3608,3,2.5,1140019373
3609,2,3,838187983
3609,3,2,838189124
3618,3,4,877221931
3625,3,2.5,1288580215
3629,2,3.5,1158469802
3633,2,4,835443448
3639,2,3.5,1143439855
3641,2,3,1117802539
3642,2,5,954041452
3646,2,3,874812598
3651,4,3,976492650
3660,2,4,1217270803
3661,2,4.5,1210680259
3663,2,3,1044475030
3664,2,4.5,1227016274
3664,3,3,1227119224
3666,3,5,852407738
3670,2,4,840621747
3670,3,4,840622108
3673,3,2,901486307
3673,4,2,901486275
3676,2,3,1282579864
3678,3,3,855946480
3680,2,5,845357506
3680,3,5,845358001
3680,4,3,845358099
3685,2,4,1336860626
3697,2,2.5,1135410362
3701,3,3,861393311
3703,2,2.5,1111638549
3708,4,4,1229214105
3710,2,5,844955412
3711,2,3.5,1167400752
3722,2,3,846767987
3726,2,3,840541648
3727,3,3,850073497
3728,2,4.5,1145660778
3733,2,3,1287351761
3737,2,4,900953634
3737,3,4,900956239
3738,2,4,1005223099
3743,2,4,944956201
3743,3,3,973975044
3745,3,4,904530160
3746,2,2,954043129
3748,2,3.5,1139026056
3751,2,4,1277733726
3753,3,4,839417752
3758,2,3.5,1197410372
3761,2,4,1218449101
3761,3,3.5,1218450997
3780,2,2,1145932594
3790,3,4,833997971
3792,2,3,962847578
3794,2,4,844544650
3796,2,4,1391797230
3797,2,2,1031073378
3799,3,3,860269019
3805,2,2,980843424
3819,2,1,1086523113
3827,4,3,962857142
3847,2,3,901554048
3848,2,2,1119294687
3851,2,4,847572514
3852,3,4,858810873
3858,2,1.5,1349146856
3862,2,3,836754733
3864,2,2.5,1306347746
3869,3,5,857568977
3871,2,4,1245285760
3872,2,4,833633524
3883,3,2,865532740
3886,3,3,849993352
3887,3,2,1112007872
3890,2,2,900749430
3900,2,4,844615869
3903,2,4,1033791816
3904,3,3,834428580
3907,2,2.5,1086276643
3916,2,1,1277129350
3920,2,4,851354163
3920,3,4,851353424
3926,3,5,860333524
3927,2,3,963374639
3927,4,3,963378925
3934,2,2,832498047
3934,4,3,832498435
3935,2,5,845240206
3935,3,5,845240746
3938,2,4,833176037
3939,3,5,851057388
3942,3,3.5,1091372208
3943,3,3,857911446
3944,3,4,1225304597
3948,2,1,1232338372
3948,4,4,1130986143
3951,3,4,900968776
3959,3,3,857175644
3961,2,2,945329215
3965,4,1,1106718420
3971,2,4,1181947877
3973,2,3.5,1322159031
3978,2,4,836607023
3980,3,4,1159556942
3981,3,3,887831686
3983,2,4,910176989
3985,2,4,1043384856
3986,2,4,1172109078
3988,2,4,992393206
3990,2,2.5,1341911626
3994,3,2.5,1349937686
4000,2,3.5,1250896763
4014,3,2,850200844
4020,2,1,843907849
4022,2,4,1281644799
4023,3,4,833699782
4030,2,1,1140739810
4032,2,3.5,1361003759
4034,2,3.5,1227470484
4041,3,1,851406361
4042,2,4,1152585590
4043,3,4,865652920
4044,2,5,901757134
4047,3,3,851225650
4054,2,4,1262757138
4055,2,4,1245825897
4059,2,3,830191157
4059,4,3,830191716
4063,2,3,1423941570
4066,2,3,1295480539
4067,3,2,860156485
4072,2,4,834624865
4081,4,3,849539864
4083,2,2.5,1196064810
4083,3,3.5,1196708144
4084,2,4,945553874
4089,2,3,1106548842
4090,3,3,854282720
4090,4,3,833830908
4107,3,5,852374282
4114,2,4,974715056
4114,4,3,974715901
4115,2,4,845841909
4120,2,3,1074105520
4123,3,3,857328724
4125,2,3,1010262987
4128,2,4,844464079
4129,2,2.5,1135804149
4133,2,5,846456906
4133,3,5,846457431
4133,4,3,846457484
4135,3,2,1024196148
4138,2,4,836909933
4140,3,3,997150033
4141,2,3,993481726
4142,2,3,900900526
4142,4,1,900905143
4143,3,4,850472765
4154,3,3,856143205
4162,3,3,850909900
4166,3,5,834652442
4172,2,3,956594118
4173,2,1.5,1378596310
4173,3,3.5,1378556270
4183,2,4,971262967
4184,2,1,1153318864
4191,2,0.5,1105474245
4192,3,2,859059749
4194,3,3,943101556
4201,3,2,856613120
4203,2,3,843980492
4212,2,3,845412223
4217,2,2,1264141945
4217,3,3.5,1262300946
4220,2,2.5,1221990855
4222,3,3.5,1067613659
4226,2,3,846626470
4226,4,3,835123066
4229,2,3,860319559
4229,3,3,860317604
4234,2,3.5,1078905150
4244,2,2.5,1108763097
4256,2,3,834594320
4258,3,4,853961689
4272,2,4,1108086845
4275,3,3,867492302
4283,2,3,838037597
4283,3,4,838038061
4285,3,4,991805318
4285,4,3,991805393
4292,2,3.5,1223544870
4293,3,3,862006732
4295,2,2,989070323
4304,3,5,857662631
4308,2,3,1003770554
4308,3,4,994952592
4309,2,3.5,1231989929
4311,2,3,1106428019
4311,3,3,1106428138
4319,3,2,851803065
4323,2,3,1177236812
4324,2,4,900940836
4324,4,3,900765869
4329,2,2,1179599747
4332,2,4,1233140461
4332,3,3.5,1234082845
4333,2,5,838824270
4341,3,3,851252660
4357,2,2,1292744773
4358,2,3,976071572
4358,3,1,976071275
4365,2,4,832195612
4370,2,3,846189578
4374,2,3,962917160
4381,3,3,854696702
4385,2,4,848982731
4385,3,3,848983386
4389,2,3,1087247853
4389,3,3,1094777651
4391,2,2.5,1215854636
4392,2,4,1215988897
4392,3,3.5,1215989105
4394,2,5,945061342
4401,2,3,1075996709
4406,3,3,1022872885
4410,2,2,1088768926
4418,2,5,837892134
4418,3,4,837892641
4420,2,4,849003798
4421,2,3.5,1111557535
4423,2,4,964400831
4424,3,2,1162508966
4425,3,1,855674018
4428,3,3,1101907039
4432,2,5,845744191
4432,3,4,845745032
4432,4,3,845745077
4434,4,5,833469089
4436,2,3,842905345
4442,2,3,963844979
4447,2,3,844856050
4450,2,3,1119322340
4451,2,3,847323319
4451,3,4,847323838
4452,3,5,845272326
4455,3,4,852040134
4456,3,3,849975375
4457,2,5,834942291
4457,3,5,834942790
4462,3,2,976250364
4475,2,3,1094075912
4480,2,5,833212223
4481,2,5,832159820
4485,3,1,854226110
4489,2,3,1233323610
4492,2,3.5,1337071624
4494,2,3,958304516
4496,3,3,859160381
4498,2,3.5,1065581984
4500,3,3,976286964
4506,3,3,865956344
4507,2,3,939152457
4507,4,4,940571519
4511,3,3,848456404
4514,2,3,846874132
4516,2,3,913214528
4517,2,5,847150446
4518,3,5,974338416
4519,2,3.5,1288123732
4520,2,3,839531561
4525,2,4.5,1150083282
4528,2,4,847119579
4529,2,2.5,1174582145
4529,3,2.5,1174591744
4531,2,3,939069878
4532,2,4,847296918
4533,2,4,845661888
4533,3,5,845662494
4534,2,2,1210024874
4538,2,4,835804395
4539,4,3,832873982
4542,2,3.5,1122267047
4544,2,4,861620954
4544,3,4,862823539
4548,2,3,846887156
4548,3,5,846887539
4548,4,3,846887588
4549,2,4,874498949
4551,4,3,1008144018
4553,3,3,914752800
4560,3,2,1140127534
4562,2,2,1299163604
4562,3,3.5,1299194170
4563,2,1.5,1331442799
4565,2,4,1225301684
4567,3,4,842037928
4569,2,4,843058203
4574,2,4,1009661590
4575,2,4,1216465809
4577,2,3.5,1077731519
4581,2,2.5,1142105570
4583,2,3,839476142
4586,2,3,1094990067
4587,2,2.5,1132189342
4592,2,5,839316955
4594,2,3,1173347542
4594,3,3,1173347846
4598,2,3,1091645522
4598,3,3.5,1091643734
4600,2,3.5,1097731683
4604,2,1,842535857
4605,2,2,1423081534
4606,2,3,846321169
4607,2,3,997383484
4607,3,3,997382760
4609,3,3,862668467
4612,3,2,973237399
4622,2,3,1208715019
4624,3,2.5,1076368254
4629,2,2.5,1193057583
4634,2,3,1092133931
4640,2,4,982694205
4641,2,3,1120728182
4642,2,5,835456439
4642,3,3,835514523
4649,2,3,879521681
4655,2,2,1135246353
4661,4,2,945309409
4663,3,2,879014203
4670,2,3,982072343
4677,2,3.5,1053969281
4677,3,2.5,1082262080
4678,2,3,833443045
4680,3,3,857942992
4683,3,3,860958260
4687,3,3.5,1147220705
4688,3,3,865296989
4695,3,2,1141018580
4696,2,3,1150532802
4696,3,2,1150533006
4696,4,2,1150536821
4698,2,3,868533197
4700,2,4,909235079
4700,3,3,909183838
4701,3,3,974738249
4702,2,4,831880209
4713,3,3,867357013
4719,3,4,864489211
4721,2,2,1097074827
4722,2,3,840437975
4725,4,3,835283325
4729,2,3,832670700
4731,2,3,1117232158
4734,2,3.5,1233214513
4735,3,5,891334814
4736,2,3,849050245
4748,2,3,1143059698
4748,3,4,1143059474
4748,4,3,1147124540
4758,3,3,941283529
4759,2,3,1340233409
4760,2,3,945332775
4760,3,3,949727611
4763,2,1.5,1107106132
4763,3,0.5,1107106219
4765,2,2,854605701
4767,2,3,836535109
4769,2,2.5,1163028340
4771,2,3,852831850
4772,2,3,1037416274
4775,2,4,1289862652
4777,2,5,840830459
4779,2,3,1066246857
4781,2,3.5,1313794064
4784,3,4,1131572340
4786,2,3.5,1159190743
4789,3,4,863877770
4799,3,4,841755057
4801,2,3.5,1109134912
4803,3,3,851807264
4804,2,4,990724932
4814,3,2,941572941
4815,3,3,855149878
4821,2,3,836076203
4823,3,3,925124070
4831,3,3.5,1115999144
4837,3,3,863348744
4841,3,5,859417177
4846,3,2,861263677
4848,2,2,956701687
4855,2,3.5,1283951443
4856,2,5,846497055
4856,3,4,846498416
4860,2,3,1230581207
4863,3,3,867224660
4864,3,3,859199861
4864,4,3,857561280
4865,2,5,829936910
4866,2,3,941456930
4869,2,0.5,1168852839
4874,3,3,850673397
4879,2,3,1320394806
4892,2,3,836498585
4892,3,3,841404361
4894,4,5,863696650
4896,2,1,1222460384
4914,3,5,976217888
4916,2,4,828459776
4916,4,3,828459776
4917,2,3,1095570717
4922,3,4,836486954
4923,2,4.5,1063836997
4924,2,2,1063098878
4937,2,4,972840303
4940,3,3,863301794
4943,2,3,851004455
4943,3,3,850921911
4946,3,3,858757142
4959,2,3.5,1321939001
4962,2,4,840310005
4962,4,4,840312031
4963,2,3,852009941
4963,3,3,852009621
4965,2,3,975018241
4967,2,3,1111560425
4967,3,2.5,1111555400
4968,2,3,1364521736
4968,3,3,1364522031
4976,2,3,833152526
4985,3,4,868646057
4989,2,4,850282051
4989,3,3,850280535
4996,2,3,1207741920
4998,2,5,846789964
5005,2,4,1267972020
5010,3,3,852668490
5012,2,3,840202021
5021,3,2,900977224
5034,2,2.5,1079303744
5041,3,3,1001097505
5042,3,3,1322022122
5043,3,3.5,1115521630
5046,2,2,1005322045
5049,2,0.5,1183753539
5052,3,4,1158193095
5054,3,3,1010097616
5057,2,3.5,1305264160
5063,2,3,1246562896
5063,3,3.5,1274822157
5065,2,1,974776704
5066,2,4.5,1163124679
5068,2,3,838823047
5069,3,3,925141999
5071,2,5,849266425
5071,3,5,849267038
5072,2,4,1175644932
5072,3,4.5,1175708058
5074,2,4,948074112
5076,3,2,1319655351
5080,2,3,1366604198
5084,2,1,966459984
5092,2,3,987190159
5094,2,3,838393268
5102,2,3,1127448568
5104,3,3,858870504
5110,4,3,862604594
5114,2,3,1150970583
5116,2,3,838388569
5120,2,5,832019040
5128,2,3,1191061774
5130,2,3,1401638926
5133,3,3,1109931929
5137,2,2,1226640494
5137,4,1,1228107018
5145,2,5,993086376
5150,3,4,856784044
5152,3,4,1034108533
5155,2,3,1108141322
5157,2,3.5,1243361314
5163,3,2,858808532
5179,2,4,840285238
5189,2,3,1093276267
5192,2,4,1422622098
5194,3,4,851022932
5200,4,5,831227839
5213,3,1,849969301
5216,3,3,1054865590
5216,4,3,1054865598
5225,2,4,954193295
5226,3,4,854923038
5239,4,3.5,1142566366
5242,2,2.5,1102197919
5247,2,3.5,1078795416
5262,3,4,1298175965
5266,3,3,845214322
5272,2,3,1287748076
5282,2,3,835019132
5289,2,4,904946157
5290,2,3.5,1112439311
5290,3,3,1112329230
5291,2,3.5,1087697368
5292,3,4,853001457
5293,2,4,842704305
5293,3,3,842706870
5295,3,3,974225852
5303,2,3.5,1146071533
5314,4,2.5,1081845463
5320,3,3,857544432
5329,3,3.5,1233467349
5332,2,4,957022911
5332,3,3,957024904
5337,2,2.5,1291128920
5347,2,0.5,1346527927
5350,2,1.5,1285905277
5350,3,3,1285905545
5352,2,2,1086150545
5360,2,2,965306692
5363,3,3,868262884
5365,3,1,887894882
5374,2,4,918473814
5375,3,5,858636308
5375,4,3,858637728
5376,2,4,1058596938
5379,2,5,831891183
5382,2,2,1047409668
5382,4,3,1047523580
5388,2,3,841802823
5393,3,4,945455661
5403,2,3.5,1281755175
5410,2,3,1091039309
5415,2,3,974837968
5416,2,4,995941013
5418,2,4,952822863
5418,3,2,952824293
5420,2,4,1043430889
5420,3,3,1043430661
5427,3,3,851687374
5428,3,2,884266087
5430,3,5,850998600
5434,3,3,1111533271
5439,2,3,900454538
5443,2,3.5,1280006771
5446,2,2,1386718054
5449,3,5,852227557
5451,2,4,1229756873
5453,3,3.5,1071857537
5458,2,4,840685369
5462,2,3,1104116698
5467,2,3,835668487
5468,2,4,1023324981
5476,3,5,844613687
5481,2,5,839736703
5483,2,3,998488860
5483,3,3,997990196
5483,4,2,999379982
5487,2,3,1016152943
5488,2,3,1287058709
5503,2,3.5,1112740161
5503,3,3.5,1210655201
5504,2,4,1091194149
5504,3,3,1091983892
5506,2,2,1008716903
5506,3,3,1104269239
5507,2,1.5,1192565968
5509,2,3,1194465155
5515,2,3.5,1221934953
5518,2,2,956174103
5518,4,3,956168508
5520,3,3,857999820
5529,2,3.5,1312086770
5534,2,2,1026490395
5535,3,4,851191793
5539,2,2,1123009208
5542,3,3,974337583
5543,2,3,835562414
5544,2,3.5,1157503329
5546,2,5,1285188611
5561,2,3,835793202
5561,4,3,837779475
5573,2,4,867937381
5576,2,2,984010267
5576,3,2,984061842
5580,2,2.5,1201309429
5588,2,4,843416532
5589,3,3,860433029
5591,2,5,834597179
5592,2,3,840619648
5596,2,2,1051223407
5596,3,3,1051223099
5598,3,4,850826929
5601,2,3,1265627230
5603,2,3,843608921
5604,2,3,965368913
5606,3,2,976346759
5606,4,3.5,1065583926
5613,2,4,1160416610
5619,3,2,860838224
5621,2,4,901931585
5622,2,4.5,1321574732
5623,2,2.5,1112818562
5623,3,2.5,1112818672
5630,2,3,847202490
5634,3,3,851314455
5640,3,5,833406707
5640,4,5,833405785
5649,3,3,851860576
5650,3,2,877308217
5651,3,5,840635033
5656,3,4,863228869
5658,3,3,851073944
5658,4,2,855671018
5663,2,1,846080915
5673,3,5,855503772
5674,3,3,852203134
5676,4,0.5,1251708826
5691,2,0.5,1114268481
5699,2,5,838920701
5700,2,1,1104787056
5702,3,4,860404310
5703,2,4,1194647349
5706,2,3,1122255327
5711,2,3,867339755
5712,3,1,898117987
5717,3,3,864865866
5724,2,5,838046030
5729,2,5,913921036
5732,2,4,836084712
5735,2,2,1081163806
5741,2,2.5,1244023054
5742,2,3,844259820
5742,3,3,844260273
5745,3,3,833720896
5749,2,2.5,1296174608
5749,3,2.5,1296175398
5752,2,4,841191248
5759,3,1.5,1111472625
5762,2,4,841683345
5763,2,4,1419045722
5768,2,2.5,1224754533
5768,3,2.5,1224756945
5777,3,3,854620350
5784,2,4,1049932727
5787,2,3,839235460
5790,3,5,973644621
5791,2,4,959832077
5803,2,5,974073324
5814,2,3,859548590
5814,3,3,859543302
5814,4,3,859547581
5818,2,3,842985790
5820,2,3,941475718
5822,3,4,857923970
5825,2,2.5,1077431663
5827,2,2,944168063
5831,2,5,833818644
5831,4,3,833817958
5837,2,4,860669687
5837,3,4,860668002
5837,4,3,861011991
5838,2,4,835690523
5838,4,2,835690926
5839,2,4,1278400073
5843,3,3,1113239181
5849,2,4,853623878
5849,3,4,853621651
5849,4,3,853623221
5865,2,3,1273690456
5866,3,1.5,1135299646
5881,2,1,846469847
5881,3,4,846471931
5881,4,5,846471991
5882,4,2,945130288
5883,3,3,981412974
5888,2,2,1114388369
5892,2,3,842271331
5897,2,5,837696205
5897,3,5,837696844
5897,4,4,837696691
5899,2,3,836681752
5900,2,2,1226645863
5900,3,1.5,1226646195
5921,2,3,857554277
5922,2,3.5,1107279614
5927,3,2,939928056
5942,2,1.5,1208782482
5954,2,3,1306924082
5960,2,3.5,1172192433
5964,3,2,974760685
5967,2,3,1173605281
5968,2,2,1310891871
5982,2,3,1014107198
5988,3,3,866908680
5995,2,3.5,1158142608
6000,2,2.5,1139141547
6002,2,4,1211991186
6007,2,2,1121040195
6009,2,2,1198959178
6012,2,2,841752233
6013,2,2,1025228081
6017,2,3,832561334
6020,2,3,1009556571
6021,2,3,975611990
6024,4,4,1033078214
6025,3,3,851526699
6031,2,3,834164038
6034,2,3,1299249020
6037,2,4,833029044
6038,3,4,835401852
6043,3,2,1321556217
6047,2,4,971117744
6050,2,1,841144586
6056,2,3.5,1239773232
6057,2,3,1281557773
6059,2,3.5,1072916744
6059,3,3,1072829862
6061,3,3,859146739
6064,2,3,912542743
6067,2,4,1281836261
6068,2,4,900957240
6077,2,4,1095801153
6078,2,5,1131809594
6082,2,3,944345460
6086,2,3,840109770
6087,2,3,831382425
6092,2,3.5,1366831701
6095,3,5,965876785
6103,2,4,1177284282
6110,2,4,846668299
6111,2,3.5,1281401430
6112,2,4,974850100
6113,3,4,863335293
6135,2,3,981104455
6136,4,4,1009555234
6137,3,3.5,1112411236
6142,2,1,953225904
6142,3,1,953226196
6151,2,4,1292893082
6152,2,3,977360798
6152,3,3,976041775
6154,3,3,865835278
6159,2,4,1291877411
6166,3,3,949105419
6166,4,2,947726399
6167,2,3,877076397
6167,3,4,877001326
6169,3,3,842753998
6175,2,3,1017956720
6175,3,3,983081143
6177,2,3,843664485
6183,3,5,866577330
6186,3,3,866801720
6188,2,3,865732958
6188,3,3,840406354
6191,2,4,992801134
6200,2,3,846333180
6203,2,4,848137498
6206,2,4,1242255860
6207,2,3,1007882953
6221,3,1,856825279
6222,3,5,848812591
6224,2,4,1225258822
6228,2,4,832013413
6232,2,3.5,1165236656
6232,3,2,1165236710
6233,2,4,1390443680
6236,2,3.5,1202100893
6237,2,3,887716061
6237,3,3,887709361
6241,2,3,839926223
6247,2,2.5,1180637581
6254,2,3,974729145
6255,2,1.5,1232966781
6266,2,4,846670732
6268,2,4,1385338170
6276,2,3,832137271
6276,4,1,832137539
6278,3,4,849988029
6281,3,4,1128030296
6298,2,3.5,1203364447
6304,2,5,1153505787
6304,3,4,1153505779
6318,2,2.5,1150917667
6318,4,4,1150917958
6324,2,4,1194922805
6326,2,3,963003001
6326,4,4,963010908
6331,2,2,901220179
6331,3,3,901218525
6337,4,3,865072453
6341,4,3,853436313
6351,2,2,948849848
6366,2,4,999564991
6366,4,1,1003715119
6367,3,3,861641444
6368,2,3,846512479
6369,2,2.5,1090337363
6369,3,2.5,1124920247
6371,2,4,1116182609
6373,2,2.5,1128690218
6379,2,3,1101637501
6380,3,3,849617560
6387,2,2.5,1160002282
6387,3,2.5,1159836097
6388,2,2,987463104
6389,2,4,841157472
6391,3,5,850330635
6395,3,3,896965839
6401,2,3,1131915440
6405,2,3.5,1212986467
6407,2,2.5,1140736316
6414,3,3,866103884
6415,3,3,859465681
6417,2,4,931487921
6417,3,1,931486188
6418,2,2,1139937842
6419,2,3,902877215
6431,2,4.5,1321357363
6444,3,3,1113227535
6447,2,2,1353372188
6447,3,1.5,1353369455
6449,2,3.5,1215229761
6449,3,3.5,1215230199
6451,2,4,833280334
6460,2,5,845988836
6460,3,3,845989310
6460,4,3,845989419
6462,2,4,847804737
6462,3,5,847805374
6466,3,3,855273511
6467,3,4,855438147
6476,3,3,879171951
6480,3,3,857806763
6486,2,5,846008432
6497,3,3,834072541
6497,4,3,833963807
6501,3,4,901246624
6503,3,3,852563055
6511,2,2,1262484373
6515,2,3,844600480
6521,3,5,851959877
6530,2,4,1309110628
6533,2,3,1158548263
6535,2,4,836999052
6546,3,3,834998253
6550,2,4,900843196
6551,4,4,1033679472
6553,3,2,1118871500
6559,3,3,853508365
6559,4,3,853509104
6567,3,4,862764134
6571,2,3,1080676173
6572,2,3.5,1264923433
6574,3,2.5,1111487964
6576,2,4,835863096
6578,2,3.5,1102705478
6586,2,4,843313755
6593,4,2,1016284670
6597,2,1.5,1190701943
6604,2,4,1038108052
6605,2,2,835744974
6605,3,5,835746046
6608,2,3,974745165
6611,2,3,843573086
6614,2,2,1105047602
6618,2,5,836958197
6627,2,4,945570669
6628,2,3,835769509
6628,3,4,853912677
6629,3,3,851104396
6630,2,2,966005607
6634,2,3.5,1286916277
6636,3,2.5,1065892946
6638,2,4,839773576
6643,2,3,832849681
6651,2,3,955867569
6652,2,4,1237748601
6663,3,2,1106796070
6664,3,4,860886059
6676,2,4,835786637
6677,3,4,1199122184
6678,3,5,851501692
6711,2,3,832402293
6715,2,2,1163973976
6719,2,4,1112766543
6720,2,3.5,1225334392
6722,2,2,1104273060
6722,3,0.5,1103827062
6726,2,4,1023241715
6727,2,0.5,1166055727
6727,3,2,1166092288
6728,2,4,836769446
6732,2,4,845813615
6735,3,5,862672858
6739,3,4,943368610
6739,4,1,943368610
6743,2,3,1117838061
6743,3,3,1117838080
6744,2,5,1036978872
6744,3,3,1036977298
6752,2,3,1146970833
6784,3,3,864676233
6792,3,1,901723663
6792,4,1,901723211
6795,2,2.5,1141678529
6800,2,3,854104816
6802,3,4,866896619
6803,3,4,839223429
6805,3,3,856640912
6812,3,3,859658339
6813,2,4,1003523847
6818,3,0.5,1110146701
6819,2,3,1132069843
6819,3,3,1132067436
6821,3,3,851002355
6824,4,4,951798166
6827,3,4,855846107
6834,4,4,848161109
6836,2,5,978627431
6839,2,2,1174338739
6843,2,3.5,1088364006
6859,3,3,855756747
6861,2,3,1075471566
6871,3,4,849699567
6873,3,2,1027379536
6878,2,4,866492812
6878,3,5,863549057
6881,2,2,1129304912
6885,2,5,949640173
6889,2,4,1252225169
6892,2,5,836607734
6895,3,2,867722817
6899,2,3.5,1226545847
6904,2,4,1301996984
6905,2,3.5,1095859254
6921,2,2,976317109
6922,3,3,862075920
6923,3,3,856589545
6924,2,4,835446922
6929,2,4,844780685
6932,2,2,1140764754
6934,2,3,913730471
6935,3,4,854509986
6943,2,2,1029783519
6952,3,3,849911606
6952,4,3,849976986
6957,3,2.5,1111542707
6959,2,5,834190794
6964,2,3,943872062
6964,3,4,943872815
6964,4,1,944067234
6965,2,3,841577068
6976,2,2,1138596700
6978,2,3,1096558631
6983,2,5,874515109
6995,2,3.5,1307558012
6997,3,4,858966386
7015,3,4,1136348016
7016,2,3.5,1407906986
7017,3,3,858337498
7019,3,4,858350879
7020,3,4,1178326896
7021,2,3,844087908
7034,3,3,852473475
7043,3,3,1106141804
7046,2,3.5,1308215343
7047,2,4,1398082054
7051,2,4,1111764359
7051,3,1.5,1111754742
7056,4,1,1123177044
7058,2,3,1331233935
7058,3,3,1330814835
7067,3,3,879625098
7077,2,3.5,1170930935
7081,3,1,865852079
7083,2,3,1127505521
7100,2,3.5,1323015669
7101,4,3.5,1253152402
7102,2,1,1132054887
7108,2,2,838742593
7110,2,4,1199463564
7117,3,4,903112749
7120,2,4,1175542372
